{"cameraMode":{"drawMode":0,"name":"Shaded","section":"Shading Mode"},"sceneLighting":false,"audioPlay":false,"sceneViewState":{"showFog":true,"showMaterialUpdate":false,"showSkybox":false,"showFlares":true,"showImageEffects":true,"showParticleSystems":true},"in2DMode":false,"pivot":{"x":-6.100000858306885,"y":1.106520652770996,"z":-2.24617338180542},"rotation":{"x":-0.18839804828166963,"y":0.5067495107650757,"z":-0.114531971514225,"w":-0.8334228992462158},"size":12.137045860290528,"orthographic":false}