{"cameraMode":{"drawMode":0,"name":"Shaded","section":"Shading Mode"},"sceneLighting":false,"audioPlay":false,"sceneViewState":{"showFog":true,"showMaterialUpdate":false,"showSkybox":false,"showFlares":true,"showImageEffects":true,"showParticleSystems":true},"in2DMode":false,"pivot":{"x":-1.0,"y":0.2500001788139343,"z":-2.9802322387695315e-8},"rotation":{"x":-0.01094674039632082,"y":0.9527685642242432,"z":-0.034608740359544757,"w":-0.30152052640914919},"size":1.2016111612319947,"orthographic":false}